<?xml version="1.0" encoding="utf-8"?>
<!--/1381224/595575/2.49/40/2/Connector/-->
<quadcept_library>
  <setting unit="mil" />
  <textstyle name="Default" height="47.244094488189" strokewidth="7.8740157480315" charwidth="47.244094488189" />
  <textstyle name="Dimension" height="19.6850393700787" strokewidth="0" charwidth="19.6850393700787" />
  <textstyle name="H127W0635TH00762" height="50" strokewidth="3" charwidth="25" />
  <textstyle name="H15W15TH02" height="59.0551181102362" strokewidth="7.8740157480315" charwidth="59.0551181102362" />
  <padstyle name="r229_127" surface="True" plated="False" isvia="False" nopaste="False" nomask="True" complex="False" holesize="0">
    <padshape layer="TOP" shape="rectangle" width="49.999999999999" height="90.15748031496" />
    <padshape layer="TOP_SOLDER_MASK" shape="rectangle" width="57.874015748031" height="98.031496062991" />
    <padshape layer="TOP_SOLDER_PASTE" shape="rectangle" width="49.999999999999" height="90.15748031496" />
  </padstyle>
  <footprint name="HLE-120-02-XXX-DV" originx="0" originy="0" pickpointx="0" pickpointy="0">
    <pcbpin number="1" name="1" style="r229_127" originx="949.99999999999" originy="-99.409448818896" rotation="0" />
    <pcbpin number="2" name="2" style="r229_127" originx="949.99999999999" originy="99.409448818896" rotation="0" />
    <pcbpin number="3" name="3" style="r229_127" originx="849.99999999999" originy="-99.409448818896" rotation="0" />
    <pcbpin number="4" name="4" style="r229_127" originx="849.99999999999" originy="99.409448818896" rotation="0" />
    <pcbpin number="5" name="5" style="r229_127" originx="749.99999999999" originy="-99.409448818896" rotation="0" />
    <pcbpin number="6" name="6" style="r229_127" originx="749.99999999999" originy="99.409448818896" rotation="0" />
    <pcbpin number="7" name="7" style="r229_127" originx="649.99999999999" originy="-99.409448818896" rotation="0" />
    <pcbpin number="8" name="8" style="r229_127" originx="649.99999999999" originy="99.409448818896" rotation="0" />
    <pcbpin number="9" name="9" style="r229_127" originx="549.99999999999" originy="-99.409448818896" rotation="0" />
    <pcbpin number="10" name="10" style="r229_127" originx="549.99999999999" originy="99.409448818896" rotation="0" />
    <pcbpin number="11" name="11" style="r229_127" originx="449.99999999999" originy="-99.409448818896" rotation="0" />
    <pcbpin number="12" name="12" style="r229_127" originx="449.99999999999" originy="99.409448818896" rotation="0" />
    <pcbpin number="13" name="13" style="r229_127" originx="350" originy="-99.409448818896" rotation="0" />
    <pcbpin number="14" name="14" style="r229_127" originx="350" originy="99.409448818896" rotation="0" />
    <pcbpin number="15" name="15" style="r229_127" originx="250" originy="-99.409448818896" rotation="0" />
    <pcbpin number="16" name="16" style="r229_127" originx="250" originy="99.409448818896" rotation="0" />
    <pcbpin number="17" name="17" style="r229_127" originx="150" originy="-99.409448818896" rotation="0" />
    <pcbpin number="18" name="18" style="r229_127" originx="150" originy="99.409448818896" rotation="0" />
    <pcbpin number="19" name="19" style="r229_127" originx="49.999999999999" originy="-99.409448818896" rotation="0" />
    <pcbpin number="20" name="20" style="r229_127" originx="49.999999999999" originy="99.409448818896" rotation="0" />
    <pcbpin number="21" name="21" style="r229_127" originx="-49.999999999999" originy="-99.409448818896" rotation="0" />
    <pcbpin number="22" name="22" style="r229_127" originx="-49.999999999999" originy="99.409448818896" rotation="0" />
    <pcbpin number="23" name="23" style="r229_127" originx="-150" originy="-99.409448818896" rotation="0" />
    <pcbpin number="24" name="24" style="r229_127" originx="-150" originy="99.409448818896" rotation="0" />
    <pcbpin number="25" name="25" style="r229_127" originx="-250" originy="-99.409448818896" rotation="0" />
    <pcbpin number="26" name="26" style="r229_127" originx="-250" originy="99.409448818896" rotation="0" />
    <pcbpin number="27" name="27" style="r229_127" originx="-350" originy="-99.409448818896" rotation="0" />
    <pcbpin number="28" name="28" style="r229_127" originx="-350" originy="99.409448818896" rotation="0" />
    <pcbpin number="29" name="29" style="r229_127" originx="-449.99999999999" originy="-99.409448818896" rotation="0" />
    <pcbpin number="30" name="30" style="r229_127" originx="-449.99999999999" originy="99.409448818896" rotation="0" />
    <pcbpin number="31" name="31" style="r229_127" originx="-549.99999999999" originy="-99.409448818896" rotation="0" />
    <pcbpin number="32" name="32" style="r229_127" originx="-549.99999999999" originy="99.409448818896" rotation="0" />
    <pcbpin number="33" name="33" style="r229_127" originx="-649.99999999999" originy="-99.409448818896" rotation="0" />
    <pcbpin number="34" name="34" style="r229_127" originx="-649.99999999999" originy="99.409448818896" rotation="0" />
    <pcbpin number="35" name="35" style="r229_127" originx="-749.99999999999" originy="-99.409448818896" rotation="0" />
    <pcbpin number="36" name="36" style="r229_127" originx="-749.99999999999" originy="99.409448818896" rotation="0" />
    <pcbpin number="37" name="37" style="r229_127" originx="-849.99999999999" originy="-99.409448818896" rotation="0" />
    <pcbpin number="38" name="38" style="r229_127" originx="-849.99999999999" originy="99.409448818896" rotation="0" />
    <pcbpin number="39" name="39" style="r229_127" originx="-949.99999999999" originy="-99.409448818896" rotation="0" />
    <pcbpin number="40" name="40" style="r229_127" originx="-949.99999999999" originy="99.409448818896" rotation="0" />
    <line layer="TOP_ASSEMBLY" originx="-999.99999999999" originy="99.999999999999" endx="999.99999999999" endy="99.999999999999" width="7.8740157480314" />
    <line layer="TOP_ASSEMBLY" originx="999.99999999999" originy="99.999999999999" endx="999.99999999999" endy="-99.999999999999" width="7.8740157480314" />
    <line layer="TOP_ASSEMBLY" originx="999.99999999999" originy="-99.999999999999" endx="-999.99999999999" endy="-99.999999999999" width="7.8740157480314" />
    <line layer="TOP_ASSEMBLY" originx="-999.99999999999" originy="-99.999999999999" endx="-999.99999999999" endy="99.999999999999" width="7.8740157480314" />
    <arc layer="TOP_SILKSCREEN" originx="951.968503937" originy="-158.46456692913" startangle="180" sweepangle="180" radius="1.9685039370079" width="7.8740157480314" />
    <arc layer="TOP_SILKSCREEN" originx="951.968503937" originy="-158.46456692913" startangle="180" sweepangle="-180" radius="1.9685039370079" width="7.8740157480314" />
    <line layer="TOP_PLACE_BOUND" originx="-1047.2440944882" originy="183.85826771653" endx="1047.2440944882" endy="183.85826771653" width="1.9685039370079" />
    <line layer="TOP_PLACE_BOUND" originx="1047.2440944882" originy="183.85826771653" endx="1047.2440944882" endy="-201.7716535433" width="1.9685039370079" />
    <line layer="TOP_PLACE_BOUND" originx="1047.2440944882" originy="-201.7716535433" endx="-1047.2440944882" endy="-201.7716535433" width="1.9685039370079" />
    <line layer="TOP_PLACE_BOUND" originx="-1047.2440944882" originy="-201.7716535433" endx="-1047.2440944882" endy="183.85826771653" width="1.9685039370079" />
  </footprint>
  <symbol name="HLE-120-02-F-DV" originx="0" originy="0">
    <line originx="200" originy="100" endx="700" endy="100" width="0" />
    <line originx="700" originy="-2000" endx="700" endy="100" width="0" />
    <line originx="700" originy="-2000" endx="200" endy="-2000" width="0" />
    <line originx="200" originy="100" endx="200" endy="-2000" width="0" />
    <sympin number="1" originx="200" originy="-1900" rotation="180" length="100" width="7.8740157480315" flipped="False">
      <text name="pinname" originx="230" originy="-1900" style="Default" rotation="0" justify="left" flipped="False" hidden="False" data="1" />
      <text name="pindes" originx="140" originy="-1880" style="Default" rotation="0" justify="lowerright" flipped="False" hidden="False" data="1" />
    </sympin>
    <sympin number="2" originx="700" originy="-1900" rotation="0" length="100" width="7.8740157480315" flipped="False">
      <text name="pinname" originx="670" originy="-1900" style="Default" rotation="0" justify="right" flipped="False" hidden="False" data="2" />
      <text name="pindes" originx="760" originy="-1880" style="Default" rotation="0" justify="lowerleft" flipped="False" hidden="False" data="2" />
    </sympin>
    <sympin number="3" originx="200" originy="-1800" rotation="180" length="100" width="7.8740157480315" flipped="False">
      <text name="pinname" originx="230" originy="-1800" style="Default" rotation="0" justify="left" flipped="False" hidden="False" data="3" />
      <text name="pindes" originx="140" originy="-1780" style="Default" rotation="0" justify="lowerright" flipped="False" hidden="False" data="3" />
    </sympin>
    <sympin number="4" originx="700" originy="-1800" rotation="0" length="100" width="7.8740157480315" flipped="False">
      <text name="pinname" originx="670" originy="-1800" style="Default" rotation="0" justify="right" flipped="False" hidden="False" data="4" />
      <text name="pindes" originx="760" originy="-1780" style="Default" rotation="0" justify="lowerleft" flipped="False" hidden="False" data="4" />
    </sympin>
    <sympin number="5" originx="200" originy="-1700" rotation="180" length="100" width="7.8740157480315" flipped="False">
      <text name="pinname" originx="230" originy="-1700" style="Default" rotation="0" justify="left" flipped="False" hidden="False" data="5" />
      <text name="pindes" originx="140" originy="-1680" style="Default" rotation="0" justify="lowerright" flipped="False" hidden="False" data="5" />
    </sympin>
    <sympin number="6" originx="700" originy="-1700" rotation="0" length="100" width="7.8740157480315" flipped="False">
      <text name="pinname" originx="670" originy="-1700" style="Default" rotation="0" justify="right" flipped="False" hidden="False" data="6" />
      <text name="pindes" originx="760" originy="-1680" style="Default" rotation="0" justify="lowerleft" flipped="False" hidden="False" data="6" />
    </sympin>
    <sympin number="7" originx="200" originy="-1600" rotation="180" length="100" width="7.8740157480315" flipped="False">
      <text name="pinname" originx="230" originy="-1600" style="Default" rotation="0" justify="left" flipped="False" hidden="False" data="7" />
      <text name="pindes" originx="140" originy="-1580" style="Default" rotation="0" justify="lowerright" flipped="False" hidden="False" data="7" />
    </sympin>
    <sympin number="8" originx="700" originy="-1600" rotation="0" length="100" width="7.8740157480315" flipped="False">
      <text name="pinname" originx="670" originy="-1600" style="Default" rotation="0" justify="right" flipped="False" hidden="False" data="8" />
      <text name="pindes" originx="760" originy="-1580" style="Default" rotation="0" justify="lowerleft" flipped="False" hidden="False" data="8" />
    </sympin>
    <sympin number="9" originx="200" originy="-1500" rotation="180" length="100" width="7.8740157480315" flipped="False">
      <text name="pinname" originx="230" originy="-1500" style="Default" rotation="0" justify="left" flipped="False" hidden="False" data="9" />
      <text name="pindes" originx="140" originy="-1480" style="Default" rotation="0" justify="lowerright" flipped="False" hidden="False" data="9" />
    </sympin>
    <sympin number="10" originx="700" originy="-1500" rotation="0" length="100" width="7.8740157480315" flipped="False">
      <text name="pinname" originx="670" originy="-1500" style="Default" rotation="0" justify="right" flipped="False" hidden="False" data="10" />
      <text name="pindes" originx="760" originy="-1480" style="Default" rotation="0" justify="lowerleft" flipped="False" hidden="False" data="10" />
    </sympin>
    <sympin number="11" originx="200" originy="-1400" rotation="180" length="100" width="7.8740157480315" flipped="False">
      <text name="pinname" originx="230" originy="-1400" style="Default" rotation="0" justify="left" flipped="False" hidden="False" data="11" />
      <text name="pindes" originx="140" originy="-1380" style="Default" rotation="0" justify="lowerright" flipped="False" hidden="False" data="11" />
    </sympin>
    <sympin number="12" originx="700" originy="-1400" rotation="0" length="100" width="7.8740157480315" flipped="False">
      <text name="pinname" originx="670" originy="-1400" style="Default" rotation="0" justify="right" flipped="False" hidden="False" data="12" />
      <text name="pindes" originx="760" originy="-1380" style="Default" rotation="0" justify="lowerleft" flipped="False" hidden="False" data="12" />
    </sympin>
    <sympin number="13" originx="200" originy="-1300" rotation="180" length="100" width="7.8740157480315" flipped="False">
      <text name="pinname" originx="230" originy="-1300" style="Default" rotation="0" justify="left" flipped="False" hidden="False" data="13" />
      <text name="pindes" originx="140" originy="-1280" style="Default" rotation="0" justify="lowerright" flipped="False" hidden="False" data="13" />
    </sympin>
    <sympin number="14" originx="700" originy="-1300" rotation="0" length="100" width="7.8740157480315" flipped="False">
      <text name="pinname" originx="670" originy="-1300" style="Default" rotation="0" justify="right" flipped="False" hidden="False" data="14" />
      <text name="pindes" originx="760" originy="-1280" style="Default" rotation="0" justify="lowerleft" flipped="False" hidden="False" data="14" />
    </sympin>
    <sympin number="15" originx="200" originy="-1200" rotation="180" length="100" width="7.8740157480315" flipped="False">
      <text name="pinname" originx="230" originy="-1200" style="Default" rotation="0" justify="left" flipped="False" hidden="False" data="15" />
      <text name="pindes" originx="140" originy="-1180" style="Default" rotation="0" justify="lowerright" flipped="False" hidden="False" data="15" />
    </sympin>
    <sympin number="16" originx="700" originy="-1200" rotation="0" length="100" width="7.8740157480315" flipped="False">
      <text name="pinname" originx="670" originy="-1200" style="Default" rotation="0" justify="right" flipped="False" hidden="False" data="16" />
      <text name="pindes" originx="760" originy="-1180" style="Default" rotation="0" justify="lowerleft" flipped="False" hidden="False" data="16" />
    </sympin>
    <sympin number="17" originx="200" originy="-1100" rotation="180" length="100" width="7.8740157480315" flipped="False">
      <text name="pinname" originx="230" originy="-1100" style="Default" rotation="0" justify="left" flipped="False" hidden="False" data="17" />
      <text name="pindes" originx="140" originy="-1080" style="Default" rotation="0" justify="lowerright" flipped="False" hidden="False" data="17" />
    </sympin>
    <sympin number="18" originx="700" originy="-1100" rotation="0" length="100" width="7.8740157480315" flipped="False">
      <text name="pinname" originx="670" originy="-1100" style="Default" rotation="0" justify="right" flipped="False" hidden="False" data="18" />
      <text name="pindes" originx="760" originy="-1080" style="Default" rotation="0" justify="lowerleft" flipped="False" hidden="False" data="18" />
    </sympin>
    <sympin number="19" originx="200" originy="-1000" rotation="180" length="100" width="7.8740157480315" flipped="False">
      <text name="pinname" originx="230" originy="-1000" style="Default" rotation="0" justify="left" flipped="False" hidden="False" data="19" />
      <text name="pindes" originx="140" originy="-980" style="Default" rotation="0" justify="lowerright" flipped="False" hidden="False" data="19" />
    </sympin>
    <sympin number="20" originx="700" originy="-1000" rotation="0" length="100" width="7.8740157480315" flipped="False">
      <text name="pinname" originx="670" originy="-1000" style="Default" rotation="0" justify="right" flipped="False" hidden="False" data="20" />
      <text name="pindes" originx="760" originy="-980" style="Default" rotation="0" justify="lowerleft" flipped="False" hidden="False" data="20" />
    </sympin>
    <sympin number="21" originx="200" originy="-900" rotation="180" length="100" width="7.8740157480315" flipped="False">
      <text name="pinname" originx="230" originy="-900" style="Default" rotation="0" justify="left" flipped="False" hidden="False" data="21" />
      <text name="pindes" originx="140" originy="-880" style="Default" rotation="0" justify="lowerright" flipped="False" hidden="False" data="21" />
    </sympin>
    <sympin number="22" originx="700" originy="-900" rotation="0" length="100" width="7.8740157480315" flipped="False">
      <text name="pinname" originx="670" originy="-900" style="Default" rotation="0" justify="right" flipped="False" hidden="False" data="22" />
      <text name="pindes" originx="760" originy="-880" style="Default" rotation="0" justify="lowerleft" flipped="False" hidden="False" data="22" />
    </sympin>
    <sympin number="23" originx="200" originy="-800" rotation="180" length="100" width="7.8740157480315" flipped="False">
      <text name="pinname" originx="230" originy="-800" style="Default" rotation="0" justify="left" flipped="False" hidden="False" data="23" />
      <text name="pindes" originx="140" originy="-780" style="Default" rotation="0" justify="lowerright" flipped="False" hidden="False" data="23" />
    </sympin>
    <sympin number="24" originx="700" originy="-800" rotation="0" length="100" width="7.8740157480315" flipped="False">
      <text name="pinname" originx="670" originy="-800" style="Default" rotation="0" justify="right" flipped="False" hidden="False" data="24" />
      <text name="pindes" originx="760" originy="-780" style="Default" rotation="0" justify="lowerleft" flipped="False" hidden="False" data="24" />
    </sympin>
    <sympin number="25" originx="200" originy="-700" rotation="180" length="100" width="7.8740157480315" flipped="False">
      <text name="pinname" originx="230" originy="-700" style="Default" rotation="0" justify="left" flipped="False" hidden="False" data="25" />
      <text name="pindes" originx="140" originy="-680" style="Default" rotation="0" justify="lowerright" flipped="False" hidden="False" data="25" />
    </sympin>
    <sympin number="26" originx="700" originy="-700" rotation="0" length="100" width="7.8740157480315" flipped="False">
      <text name="pinname" originx="670" originy="-700" style="Default" rotation="0" justify="right" flipped="False" hidden="False" data="26" />
      <text name="pindes" originx="760" originy="-680" style="Default" rotation="0" justify="lowerleft" flipped="False" hidden="False" data="26" />
    </sympin>
    <sympin number="27" originx="200" originy="-600" rotation="180" length="100" width="7.8740157480315" flipped="False">
      <text name="pinname" originx="230" originy="-600" style="Default" rotation="0" justify="left" flipped="False" hidden="False" data="27" />
      <text name="pindes" originx="140" originy="-580" style="Default" rotation="0" justify="lowerright" flipped="False" hidden="False" data="27" />
    </sympin>
    <sympin number="28" originx="700" originy="-600" rotation="0" length="100" width="7.8740157480315" flipped="False">
      <text name="pinname" originx="670" originy="-600" style="Default" rotation="0" justify="right" flipped="False" hidden="False" data="28" />
      <text name="pindes" originx="760" originy="-580" style="Default" rotation="0" justify="lowerleft" flipped="False" hidden="False" data="28" />
    </sympin>
    <sympin number="29" originx="200" originy="-500" rotation="180" length="100" width="7.8740157480315" flipped="False">
      <text name="pinname" originx="230" originy="-500" style="Default" rotation="0" justify="left" flipped="False" hidden="False" data="29" />
      <text name="pindes" originx="140" originy="-480" style="Default" rotation="0" justify="lowerright" flipped="False" hidden="False" data="29" />
    </sympin>
    <sympin number="30" originx="700" originy="-500" rotation="0" length="100" width="7.8740157480315" flipped="False">
      <text name="pinname" originx="670" originy="-500" style="Default" rotation="0" justify="right" flipped="False" hidden="False" data="30" />
      <text name="pindes" originx="760" originy="-480" style="Default" rotation="0" justify="lowerleft" flipped="False" hidden="False" data="30" />
    </sympin>
    <sympin number="31" originx="200" originy="-400" rotation="180" length="100" width="7.8740157480315" flipped="False">
      <text name="pinname" originx="230" originy="-400" style="Default" rotation="0" justify="left" flipped="False" hidden="False" data="31" />
      <text name="pindes" originx="140" originy="-380" style="Default" rotation="0" justify="lowerright" flipped="False" hidden="False" data="31" />
    </sympin>
    <sympin number="32" originx="700" originy="-400" rotation="0" length="100" width="7.8740157480315" flipped="False">
      <text name="pinname" originx="670" originy="-400" style="Default" rotation="0" justify="right" flipped="False" hidden="False" data="32" />
      <text name="pindes" originx="760" originy="-380" style="Default" rotation="0" justify="lowerleft" flipped="False" hidden="False" data="32" />
    </sympin>
    <sympin number="33" originx="200" originy="-300" rotation="180" length="100" width="7.8740157480315" flipped="False">
      <text name="pinname" originx="230" originy="-300" style="Default" rotation="0" justify="left" flipped="False" hidden="False" data="33" />
      <text name="pindes" originx="140" originy="-280" style="Default" rotation="0" justify="lowerright" flipped="False" hidden="False" data="33" />
    </sympin>
    <sympin number="34" originx="700" originy="-300" rotation="0" length="100" width="7.8740157480315" flipped="False">
      <text name="pinname" originx="670" originy="-300" style="Default" rotation="0" justify="right" flipped="False" hidden="False" data="34" />
      <text name="pindes" originx="760" originy="-280" style="Default" rotation="0" justify="lowerleft" flipped="False" hidden="False" data="34" />
    </sympin>
    <sympin number="35" originx="200" originy="-200" rotation="180" length="100" width="7.8740157480315" flipped="False">
      <text name="pinname" originx="230" originy="-200" style="Default" rotation="0" justify="left" flipped="False" hidden="False" data="35" />
      <text name="pindes" originx="140" originy="-180" style="Default" rotation="0" justify="lowerright" flipped="False" hidden="False" data="35" />
    </sympin>
    <sympin number="36" originx="700" originy="-200" rotation="0" length="100" width="7.8740157480315" flipped="False">
      <text name="pinname" originx="670" originy="-200" style="Default" rotation="0" justify="right" flipped="False" hidden="False" data="36" />
      <text name="pindes" originx="760" originy="-180" style="Default" rotation="0" justify="lowerleft" flipped="False" hidden="False" data="36" />
    </sympin>
    <sympin number="37" originx="200" originy="-100" rotation="180" length="100" width="7.8740157480315" flipped="False">
      <text name="pinname" originx="230" originy="-100" style="Default" rotation="0" justify="left" flipped="False" hidden="False" data="37" />
      <text name="pindes" originx="140" originy="-80" style="Default" rotation="0" justify="lowerright" flipped="False" hidden="False" data="37" />
    </sympin>
    <sympin number="38" originx="700" originy="-100" rotation="0" length="100" width="7.8740157480315" flipped="False">
      <text name="pinname" originx="670" originy="-100" style="Default" rotation="0" justify="right" flipped="False" hidden="False" data="38" />
      <text name="pindes" originx="760" originy="-80" style="Default" rotation="0" justify="lowerleft" flipped="False" hidden="False" data="38" />
    </sympin>
    <sympin number="39" originx="200" originy="0" rotation="180" length="100" width="7.8740157480315" flipped="False">
      <text name="pinname" originx="230" originy="0" style="Default" rotation="0" justify="left" flipped="False" hidden="False" data="39" />
      <text name="pindes" originx="140" originy="20" style="Default" rotation="0" justify="lowerright" flipped="False" hidden="False" data="39" />
    </sympin>
    <sympin number="40" originx="700" originy="0" rotation="0" length="100" width="7.8740157480315" flipped="False">
      <text name="pinname" originx="670" originy="0" style="Default" rotation="0" justify="right" flipped="False" hidden="False" data="40" />
      <text name="pindes" originx="760" originy="20" style="Default" rotation="0" justify="lowerleft" flipped="False" hidden="False" data="40" />
    </sympin>
  </symbol>
  <component name="HLE-120-02-F-DV" designatorprefix="J" height="0" footprint="HLE-120-02-XXX-DV">
    <comppin designator="1" sympin="1" pinswap="0" gateswap="0" gate="1" group="1" side="" type="Any" name="1" />
    <comppin designator="2" sympin="2" pinswap="0" gateswap="0" gate="1" group="1" side="" type="Any" name="2" />
    <comppin designator="3" sympin="3" pinswap="0" gateswap="0" gate="1" group="1" side="" type="Any" name="3" />
    <comppin designator="4" sympin="4" pinswap="0" gateswap="0" gate="1" group="1" side="" type="Any" name="4" />
    <comppin designator="5" sympin="5" pinswap="0" gateswap="0" gate="1" group="1" side="" type="Any" name="5" />
    <comppin designator="6" sympin="6" pinswap="0" gateswap="0" gate="1" group="1" side="" type="Any" name="6" />
    <comppin designator="7" sympin="7" pinswap="0" gateswap="0" gate="1" group="1" side="" type="Any" name="7" />
    <comppin designator="8" sympin="8" pinswap="0" gateswap="0" gate="1" group="1" side="" type="Any" name="8" />
    <comppin designator="9" sympin="9" pinswap="0" gateswap="0" gate="1" group="1" side="" type="Any" name="9" />
    <comppin designator="10" sympin="10" pinswap="0" gateswap="0" gate="1" group="1" side="" type="Any" name="10" />
    <comppin designator="11" sympin="11" pinswap="0" gateswap="0" gate="1" group="1" side="" type="Any" name="11" />
    <comppin designator="12" sympin="12" pinswap="0" gateswap="0" gate="1" group="1" side="" type="Any" name="12" />
    <comppin designator="13" sympin="13" pinswap="0" gateswap="0" gate="1" group="1" side="" type="Any" name="13" />
    <comppin designator="14" sympin="14" pinswap="0" gateswap="0" gate="1" group="1" side="" type="Any" name="14" />
    <comppin designator="15" sympin="15" pinswap="0" gateswap="0" gate="1" group="1" side="" type="Any" name="15" />
    <comppin designator="16" sympin="16" pinswap="0" gateswap="0" gate="1" group="1" side="" type="Any" name="16" />
    <comppin designator="17" sympin="17" pinswap="0" gateswap="0" gate="1" group="1" side="" type="Any" name="17" />
    <comppin designator="18" sympin="18" pinswap="0" gateswap="0" gate="1" group="1" side="" type="Any" name="18" />
    <comppin designator="19" sympin="19" pinswap="0" gateswap="0" gate="1" group="1" side="" type="Any" name="19" />
    <comppin designator="20" sympin="20" pinswap="0" gateswap="0" gate="1" group="1" side="" type="Any" name="20" />
    <comppin designator="21" sympin="21" pinswap="0" gateswap="0" gate="1" group="1" side="" type="Any" name="21" />
    <comppin designator="22" sympin="22" pinswap="0" gateswap="0" gate="1" group="1" side="" type="Any" name="22" />
    <comppin designator="23" sympin="23" pinswap="0" gateswap="0" gate="1" group="1" side="" type="Any" name="23" />
    <comppin designator="24" sympin="24" pinswap="0" gateswap="0" gate="1" group="1" side="" type="Any" name="24" />
    <comppin designator="25" sympin="25" pinswap="0" gateswap="0" gate="1" group="1" side="" type="Any" name="25" />
    <comppin designator="26" sympin="26" pinswap="0" gateswap="0" gate="1" group="1" side="" type="Any" name="26" />
    <comppin designator="27" sympin="27" pinswap="0" gateswap="0" gate="1" group="1" side="" type="Any" name="27" />
    <comppin designator="28" sympin="28" pinswap="0" gateswap="0" gate="1" group="1" side="" type="Any" name="28" />
    <comppin designator="29" sympin="29" pinswap="0" gateswap="0" gate="1" group="1" side="" type="Any" name="29" />
    <comppin designator="30" sympin="30" pinswap="0" gateswap="0" gate="1" group="1" side="" type="Any" name="30" />
    <comppin designator="31" sympin="31" pinswap="0" gateswap="0" gate="1" group="1" side="" type="Any" name="31" />
    <comppin designator="32" sympin="32" pinswap="0" gateswap="0" gate="1" group="1" side="" type="Any" name="32" />
    <comppin designator="33" sympin="33" pinswap="0" gateswap="0" gate="1" group="1" side="" type="Any" name="33" />
    <comppin designator="34" sympin="34" pinswap="0" gateswap="0" gate="1" group="1" side="" type="Any" name="34" />
    <comppin designator="35" sympin="35" pinswap="0" gateswap="0" gate="1" group="1" side="" type="Any" name="35" />
    <comppin designator="36" sympin="36" pinswap="0" gateswap="0" gate="1" group="1" side="" type="Any" name="36" />
    <comppin designator="37" sympin="37" pinswap="0" gateswap="0" gate="1" group="1" side="" type="Any" name="37" />
    <comppin designator="38" sympin="38" pinswap="0" gateswap="0" gate="1" group="1" side="" type="Any" name="38" />
    <comppin designator="39" sympin="39" pinswap="0" gateswap="0" gate="1" group="1" side="" type="Any" name="39" />
    <comppin designator="40" sympin="40" pinswap="0" gateswap="0" gate="1" group="1" side="" type="Any" name="40" />
    <attached_symbol gate="1" name="HLE-120-02-F-DV" />
    <pinmap designator="1" footprintpin="1" />
    <pinmap designator="2" footprintpin="2" />
    <pinmap designator="3" footprintpin="3" />
    <pinmap designator="4" footprintpin="4" />
    <pinmap designator="5" footprintpin="5" />
    <pinmap designator="6" footprintpin="6" />
    <pinmap designator="7" footprintpin="7" />
    <pinmap designator="8" footprintpin="8" />
    <pinmap designator="9" footprintpin="9" />
    <pinmap designator="10" footprintpin="10" />
    <pinmap designator="11" footprintpin="11" />
    <pinmap designator="12" footprintpin="12" />
    <pinmap designator="13" footprintpin="13" />
    <pinmap designator="14" footprintpin="14" />
    <pinmap designator="15" footprintpin="15" />
    <pinmap designator="16" footprintpin="16" />
    <pinmap designator="17" footprintpin="17" />
    <pinmap designator="18" footprintpin="18" />
    <pinmap designator="19" footprintpin="19" />
    <pinmap designator="20" footprintpin="20" />
    <pinmap designator="21" footprintpin="21" />
    <pinmap designator="22" footprintpin="22" />
    <pinmap designator="23" footprintpin="23" />
    <pinmap designator="24" footprintpin="24" />
    <pinmap designator="25" footprintpin="25" />
    <pinmap designator="26" footprintpin="26" />
    <pinmap designator="27" footprintpin="27" />
    <pinmap designator="28" footprintpin="28" />
    <pinmap designator="29" footprintpin="29" />
    <pinmap designator="30" footprintpin="30" />
    <pinmap designator="31" footprintpin="31" />
    <pinmap designator="32" footprintpin="32" />
    <pinmap designator="33" footprintpin="33" />
    <pinmap designator="34" footprintpin="34" />
    <pinmap designator="35" footprintpin="35" />
    <pinmap designator="36" footprintpin="36" />
    <pinmap designator="37" footprintpin="37" />
    <pinmap designator="38" footprintpin="38" />
    <pinmap designator="39" footprintpin="39" />
    <pinmap designator="40" footprintpin="40" />
    <text name="Datasheet" originx="0" originy="0" style="Default" rotation="0" justify="" flipped="False" hidden="True" data="http://suddendocs.samtec.com/prints/hle-1xx-02-xxx-dv-xx-xx-xx-mkt.pdf" />
    <text name="Description" originx="0" originy="0" style="Default" rotation="0" justify="" flipped="False" hidden="True" data="40 Position, Cost Effective Surface Mount Socket, 0.100&amp;quot; Pitch" />
    <text name="Manufacturer_Name" originx="0" originy="0" style="Default" rotation="0" justify="" flipped="False" hidden="True" data="SAMTEC" />
    <text name="Manufacturer_Part_Number" originx="750" originy="200" style="Default" rotation="0" justify="left" flipped="False" hidden="False" data="HLE-120-02-F-DV" />
    <text name="Mouser Part Number" originx="0" originy="0" style="Default" rotation="0" justify="" flipped="False" hidden="True" data="" />
    <text name="Mouser Price/Stock" originx="0" originy="0" style="Default" rotation="0" justify="" flipped="False" hidden="True" data="" />
    <text name="Arrow Part Number" originx="0" originy="0" style="Default" rotation="0" justify="" flipped="False" hidden="True" data="HLE-120-02-F-DV" />
    <text name="Arrow Price/Stock" originx="0" originy="0" style="Default" rotation="0" justify="" flipped="False" hidden="True" data="https://www.arrow.com/en/products/hle-120-02-f-dv/samtec" />
    <text name="Mouser Testing Part Number" originx="0" originy="0" style="Default" rotation="0" justify="" flipped="False" hidden="True" data="" />
    <text name="Mouser Testing Price/Stock" originx="0" originy="0" style="Default" rotation="0" justify="" flipped="False" hidden="True" data="" />
  </component>
</quadcept_library>
